{
  "train": [
    {
      "episode_id": 1,
      "features": [
        [
          0.9960426516484189,
          0.999074811320038,
          0.04416403785488959,
          0.7489874294515335,
          0.685751406254539,
          0.19,
          0.2,
          0.87018339669189
        ],
        [
          0.9978725867540071,
          0.9963783474018263,
          0.04507337526205451,
          0.7517684162776141,
          0.6860663671448287,
          0.19,
          0.2,
          0.8500854027734237
        ],
        [
          0.9925042771824993,
          0.9975698801473939,
          0.0343213728549142,
          0.7243337438121032,
          0.646302945692067,
          0.19,
          0.2,
          0.8770479386551034
        ],
        [
          0.9914152786051788,
          0.7599174230249182,
          0.7333704425271361,
          0.7496191675870673,
          0.8186742787113518,
          0.49,
          0.2,
          0.5468602346749742
        ],
        [
          0.918363029349302,
          0.5602543690427656,
          0.9482507288629738,
          0.6697330608531453,
          0.7917171988845776,
          0.49,
          0.2,
          0.15467996802338824
        ],
        [
          0.9306335890284944,
          0.5847795254730014,
          0.928367783321454,
          0.6838403477674984,
          0.7939515260662406,
          0.49,
          0.2,
          0.20163412125786373
        ],
        [
          0.9258279159012833,
          0.575436651732596,
          0.9388048956083513,
          0.6761987869938494,
          0.792948652331429,
          0.49,
          0.2,
          0.18274381394447933
        ],
        [
          0.9222969663515882,
          0.5620259101047823,
          0.9427328742297933,
          0.6698411711418487,
          0.7922623574217286,
          0.49,
          0.2,
          0.1660014629003597
        ],
        [
          0.9772921121266288,
          0.9918593716388804,
          0.006493506493506494,
          0.6507426943844111,
          0.5036952602413629,
          0.19,
          0.2,
          0.8665159609870661
        ],
        [
          0.9957245485927632,
          0.9959075015644424,
          0.03664921465968586,
          0.743274231045986,
          0.6638567789166521,
          0.19,
          0.2,
          0.8322640154023352
        ]
      ],
      "attack_labels": [
        false,
        false,
        false,
        true,
        true,
        true,
        true,
        true,
        false,
        false
      ],
      "metadata": {
        "total_duration": 10,
        "attack": {
          "type": "TCP_SYN_FLOOD",
          "intensity": "medium",
          "start_time": 3,
          "duration": 5,
          "target_ips": [
            "3.188.34.213",
            "70.227.65.205",
            "57.109.21.175"
          ]
        },
        "normal_packet_count": 5145,
        "attack_packet_count": 12999,
        "total_packet_count": 18144
      }
    }
  ],
  "validation": [
    {
      "episode_id": 2,
      "features": [
        [
          0.9955155227353629,
          0.9966086143100698,
          0.03270440251572327,
          0.742368052793072,
          0.6678342114654332,
          0.17,
          0.16,
          0.8840049989697308
        ],
        [
          0.9963996585015396,
          0.9992260471855854,
          0.036556603773584904,
          0.7391325142769968,
          0.6742880635791904,
          0.17,
          0.16,
          0.8495716041002542
        ],
        [
          0.9960200007302514,
          0.9988734157544656,
          0.03608847497089639,
          0.7464431832476941,
          0.6755768921984255,
          0.17,
          0.16,
          0.858294077783202
        ],
        [
          0.9950624355140195,
          0.9987396902460137,
          0.046954314720812185,
          0.7415955964489199,
          0.6669498089857879,
          0.17,
          0.16,
          0.8642643359313841
        ],
        [
          0.9971320681576332,
          0.9983584850401704,
          0.0425531914893617,
          0.7387918465530087,
          0.662273632394984,
          0.17,
          0.16,
          0.8611519668996169
        ],
        [
          0.9963809766285988,
          0.9986394128983024,
          0.04218928164196123,
          0.7535331477606997,
          0.6776506992372183,
          0.17,
          0.16,
          0.8516985208660405
        ],
        [
          0.996655080889266,
          0.9975532198256856,
          0.02857142857142857,
          0.7488493890301942,
          0.6774223886357614,
          0.17,
          0.16,
          0.8734137783633449
        ],
        [
          0.9967310628204404,
          0.9989823251169216,
          0.035106382978723406,
          0.7465848751824448,
          0.6845879875264049,
          0.17,
          0.16,
          0.8627856187263775
        ],
        [
          0.9958985520169317,
          0.9997933726192595,
          0.04738154613466334,
          0.7397174102021438,
          0.6687108607866514,
          0.17,
          0.16,
          0.876010831103121
        ],
        [
          0.9966122364556311,
          0.9989581008135997,
          0.02795425667090216,
          0.7412073175373314,
          0.6668228248417403,
          0.17,
          0.16,
          0.8579132181038247
        ]
      ],
      "attack_labels": [
        false,
        false,
        false,
        false,
        false,
        false,
        false,
        false,
        false,
        false
      ],
      "metadata": {
        "total_duration": 10,
        "attack": null,
        "normal_packet_count": 8323,
        "attack_packet_count": 0,
        "total_packet_count": 8323
      }
    }
  ],
  "test": [],
  "metadata": {
    "num_episodes": 2,
    "episode_duration": 10,
    "attack_probability": 0.5,
    "feature_names": [
      "source_entropy",
      "destination_entropy",
      "syn_ratio",
      "traffic_volume",
      "packet_rate",
      "unique_src_ips_count",
      "unique_dst_ips_count",
      "protocol_imbalance"
    ],
    "feature_weights": [
      0.18,
      0.12,
      0.25,
      0.15,
      0.2,
      0.05,
      0.02,
      0.03
    ]
  }
}